joint1,joint2,joint3,joint4,joint5,joint6,wheel_left_base,wheel_right_base
0.939004590865469,0.382960144472596,-2.41033460358921,-0.973579563347477,1.37751856542904,-4.06530816020779,,
1.25351292207485,0.262532426084987,-2.6025128075263,-1.27025062960147,1.49508394384338,-4.0875436548782,,
1.45844948284402,0.231535378569568,-2.64902583209195,-1.46769972787959,1.55140571880524,-4.09180225825307,,
