joint1,joint2,joint3,joint4,joint5,joint6,wheel_left_base,wheel_right_base
1.45815277687118,-0.149400183970715,-1.24071965865773,-1.61235261628488,1.47413999281945,-2.29955855596513,,
1.25412378731305,-0.108158053746089,-1.20562108740012,-1.70811883234181,1.29304462963252,-2.2892960199634,,
0.939598002811147,0.072466070542805,-1.02871451441798,-1.87764266258802,1.01904539036193,-2.22613255433373,,
0.695199547654381,0.557545429549589,-0.357425977515919,-2.18827636285797,0.915460099256066,-1.91249688775035,,
